customer_id,name,age,gender,region,email
1,Vickie Arnold,58,Male,North,brooke98@example.org
2,Brian Cannon,55,Other,East,scott78@example.com
3,Candace Cruz,36,Female,West,christine18@example.com
4,Amanda Patton,39,Female,South,lawrencetaylor@example.com
5,Sean Andrews,59,Other,East,jacobmccarthy@example.org
6,Jennifer Huynh,35,Other,East,oliverdawn@example.net
7,Kenneth Brown,65,Male,East,david68@example.org
8,Nicole Morales,59,Female,East,bryannichols@example.org
9,Elijah Cisneros,24,Other,South,stephenhendricks@example.net
10,Thomas Banks,52,Male,North,tracywoods@example.net
11,Richard Ryan,58,Other,East,pvelez@example.com
12,Eric Montoya,53,Male,East,fmoore@example.org
13,Kelly Reid,37,Other,North,cnixon@example.com
14,Kevin Mccall,58,Other,East,amyyoung@example.org
15,Kevin Peterson,27,Other,East,mark11@example.org
16,Jacob Chavez,47,Male,South,thompsonkevin@example.com
17,Samantha Terrell,64,Female,North,trichard@example.org
18,Jillian Gillespie,53,Female,South,hayesscott@example.com
19,Joann Zhang,37,Other,South,benitezjoseph@example.com
20,Joseph Brown,39,Male,South,joseph58@example.com
21,Christopher Campbell,45,Other,South,pamelamontgomery@example.com
22,Anna Snyder,54,Male,North,tnicholson@example.org
23,Nicholas Cooper,49,Male,North,peterbell@example.com
24,Karen Rhodes,46,Female,East,timothy20@example.org
25,Erin Valencia,64,Female,South,fergusonlatoya@example.org
26,Ms. Tiffany Mcpherson,58,Male,West,vfowler@example.com
27,Eric Ramirez,49,Other,East,suzanne20@example.org
28,Kayla Blankenship,47,Other,West,nwatkins@example.net
29,Nicholas Davis,58,Male,North,evanalvarez@example.net
30,Carolyn Joseph,21,Male,North,sarahstark@example.net
31,Michael Smith,51,Other,North,ethomas@example.net
32,William Newman,49,Male,South,kellycardenas@example.com
33,Christopher Meadows,47,Other,West,ashley99@example.org
34,David Herrera,64,Female,South,scottdavis@example.org
35,Thomas Manning,65,Other,West,nicholsjoseph@example.org
36,Tiffany Lewis,58,Female,West,ycaldwell@example.net
37,Joshua Johnson,62,Other,West,daniellegarcia@example.org
38,Carrie Valdez,33,Male,East,meganwest@example.com
39,Michael Williams,29,Other,East,ghernandez@example.net
40,Cesar Benitez,30,Other,West,heaththomas@example.com
41,Donna Larsen,28,Male,North,tanya00@example.net
42,Julie Robinson,21,Male,South,fharrison@example.org
43,Sheryl Goodman,35,Other,South,melissaandersen@example.net
44,Christian Davis,30,Male,East,justin93@example.com
45,Matthew Matthews,60,Other,East,jsmith@example.org
46,Mark Smith,26,Female,North,robertsmith@example.com
47,Theresa Peterson,33,Male,South,patelallen@example.org
48,Kristine David,62,Other,East,deborah48@example.com
49,Melissa Evans,61,Male,South,johnnymcpherson@example.net
50,Mr. Shawn Edwards DVM,39,Male,West,batesjack@example.com
51,Amanda Romero,64,Other,North,xkelly@example.com
52,Jenna Morris,65,Other,South,paulwoods@example.net
53,Jeffrey Hall,52,Female,West,corey47@example.com
54,Kimberly Higgins,38,Other,North,sclark@example.org
55,Timothy Burns,44,Other,West,davidpeterson@example.org
56,Jenna Perez,48,Other,North,jasonnixon@example.com
57,Jesus Hernandez,23,Male,West,thompsonkathleen@example.net
58,Victoria Miller,20,Male,West,alexis49@example.com
59,Lori Smith,59,Female,North,williamgonzalez@example.org
60,Megan Watson,41,Female,East,navarrorichard@example.com
61,Scott Roberts,32,Male,North,fernandezmary@example.com
62,James Reyes,25,Female,South,alexanderwalters@example.org
63,Paul Santos,64,Other,North,charles99@example.com
64,Nathan Nielsen,36,Female,East,tonywalker@example.org
65,Joshua Norman,58,Other,West,zkramer@example.org
66,Shane Ray,56,Male,North,stacyhall@example.com
67,Christopher Brooks,37,Other,South,jennifermckinney@example.org
68,Christopher Jones,32,Other,East,stevensregina@example.net
69,Juan Davis,32,Other,West,meganscott@example.net
70,William Kim,63,Male,South,michaelcampbell@example.com
71,Diane Andrews,52,Other,East,ssmith@example.com
72,Jennifer Barker,62,Female,South,youngangela@example.net
73,Christopher Mendoza,29,Other,North,brett57@example.com
74,Justin Lang,52,Male,South,tamara69@example.net
75,Cassandra West,35,Other,West,grodriguez@example.com
76,Darrell Graham,34,Other,West,hfoster@example.org
77,Jay Smith,25,Other,East,tthomas@example.org
78,Luis Bass,29,Other,South,benjamin70@example.net
79,Nicholas Gonzalez,50,Female,West,whall@example.com
80,Erik Olson,33,Female,West,robertmartin@example.net
81,Vanessa Perez,36,Other,South,timothydavis@example.net
82,Crystal Russo,20,Other,West,jjohnson@example.org
83,Roy Williams,61,Other,North,dennismiller@example.com
84,Gregory Brown,30,Male,West,jamesday@example.org
85,Emily Patton,57,Female,South,romerodonald@example.com
86,Mary Costa,63,Other,South,beasleyjulie@example.org
87,Natalie Allen,35,Female,North,christopher10@example.org
88,Carolyn Morris,54,Male,East,apope@example.org
89,Joshua Parks,54,Female,West,amy46@example.com
90,Erica Martin,25,Other,East,ryanjones@example.com
91,Michael Martinez,39,Other,West,nelsonjennifer@example.net
92,Norman Weber,40,Other,North,freyes@example.org
93,Mrs. Sophia Wu,44,Other,East,williammedina@example.net
94,Alfred Rice,60,Female,West,jorge05@example.com
95,Carlos Faulkner,25,Female,East,mark65@example.net
96,Emily Phillips,38,Male,North,ruthanderson@example.org
97,Jonathan Adams,63,Male,North,alexanderoliver@example.net
98,Kim Mora,44,Female,West,cthompson@example.org
99,Jeremy Levy,21,Male,South,veronica44@example.com
100,Robert Smith,41,Female,East,caleb51@example.org
101,Angela Curtis,23,Other,South,johnsonmelanie@example.net
102,Anita Reilly,32,Male,East,carrjessica@example.com
103,Mary Sanchez,30,Other,West,ilee@example.com
104,Lisa Brown,29,Female,West,spencercarolyn@example.net
105,Jason Hanson,24,Female,South,franklinrobert@example.com
106,Stacy Mcmahon,59,Other,East,ffranklin@example.org
107,Dr. Travis Adams,61,Male,North,theresagonzalez@example.net
108,Jennifer Harris,61,Female,North,craigharold@example.org
109,Mary Patterson,51,Other,North,pollardaaron@example.com
110,Andrew Sanders,50,Female,North,mwilliams@example.com
111,Patricia Moody,54,Other,East,johnmurillo@example.org
112,Derek Vega,49,Male,East,katelyn87@example.net
113,Tonya Martinez,27,Female,North,tiffany68@example.net
114,Thomas Huber,65,Other,North,juanarcher@example.org
115,Steven Wood,46,Male,North,eblankenship@example.org
116,Sylvia Daugherty,58,Female,West,hartryan@example.com
117,Robert Ware,49,Male,North,robinsonscott@example.org
118,Megan Moore,31,Female,North,fmoore@example.com
119,James Olson,49,Female,North,fyoung@example.com
120,Jessica Levy,41,Male,South,jamiegonzalez@example.com
121,Megan Rodriguez,40,Other,East,vgilbert@example.org
122,Kenneth Parker,65,Female,East,ricky42@example.net
123,Rick Figueroa,50,Female,East,alejandrobenton@example.net
124,Janet Hall,41,Female,West,kochjacob@example.net
125,Hannah Lewis,36,Male,South,jordanchristopher@example.net
126,Alexis Shelton,45,Other,East,chaney@example.org
127,Julia Blankenship,55,Female,West,jason77@example.org
128,Steven Reid,29,Male,West,ruth32@example.com
129,Katherine Howard,56,Other,South,vincent74@example.net
130,Thomas Cook,62,Female,North,cindywilliams@example.net
131,Mary Nelson,35,Male,North,grivera@example.org
132,Patricia Griffin,50,Male,North,daniellesmith@example.org
133,Abigail Turner,19,Male,North,jennifer76@example.net
134,Timothy Smith,57,Female,South,cameronrachel@example.com
135,Richard Weber,20,Female,East,scott95@example.com
136,Robert Dixon,46,Male,North,brownralph@example.com
137,Benjamin Berg,56,Female,North,whitemanuel@example.org
138,Lindsey West,30,Female,West,autumngallagher@example.net
139,Shawn Brown,62,Other,West,justin90@example.com
140,Elizabeth Russell,44,Male,North,cesar80@example.com
141,Jesus Johnson,63,Female,West,jacksonanna@example.com
142,Charles Anderson,39,Female,South,maryrobinson@example.com
143,Christopher Wilcox,25,Female,East,ashleydavis@example.com
144,Aaron Robinson,30,Female,South,frodriguez@example.net
145,Raymond Bradley,31,Female,South,frankjessica@example.com
146,Susan Garcia,63,Female,North,coreyevans@example.org
147,Amber Cunningham,22,Male,South,emason@example.com
148,Crystal Hoffman,48,Other,North,melvin37@example.com
149,Megan Garcia,38,Male,North,patricialewis@example.net
150,Amy Valencia,41,Female,East,rachel85@example.com
151,Mary Klein,63,Other,West,laura36@example.net
152,Stephanie Weaver,59,Female,East,bnichols@example.org
153,Rhonda Sanchez,50,Female,North,millerjohn@example.net
154,Olivia Woodward,24,Other,West,beckerpaige@example.org
155,Johnny Griffin,53,Female,North,kchristensen@example.net
156,Lisa May,43,Female,East,daniellejones@example.com
157,Craig Wilson,23,Female,West,tkennedy@example.com
158,Harry Smith,27,Female,North,jdominguez@example.com
159,Tracy Molina,36,Female,North,kristendaugherty@example.net
160,Devon Leblanc,48,Other,North,jillian34@example.net
161,Regina Williams,39,Other,South,rblair@example.org
162,Robin Greer,39,Other,North,reneealvarado@example.net
163,Hannah Richardson,33,Female,North,janet40@example.com
164,Courtney Haley,42,Male,North,howardjason@example.com
165,Joseph Silva,40,Female,South,jessejones@example.net
166,Matthew Ellis,44,Other,South,raymonddominguez@example.org
167,John Smith,28,Male,South,anthonyrojas@example.org
168,Aaron Page,29,Female,East,whitethomas@example.org
169,Tiffany Harris,37,Female,South,stevengraham@example.org
170,Jacob Anderson,49,Male,South,zgonzalez@example.net
171,Andrea Smith,29,Male,North,wwelch@example.com
172,Daniel Mathis,24,Female,North,norrisann@example.org
173,Michele Rodriguez,42,Female,North,sarah48@example.net
174,Samantha Hicks,62,Male,East,mmedina@example.net
175,Bradley Lopez,22,Female,South,perryjesse@example.net
176,Alexandra Burke,47,Female,South,hhuffman@example.net
177,Ronald Bridges,63,Female,South,susan11@example.com
178,Aaron Stokes,27,Other,South,ryan25@example.net
179,Thomas Jimenez,62,Male,East,ebrooks@example.net
180,Taylor Cain,36,Other,East,sheilasanchez@example.com
181,Kevin Fox,46,Male,North,gary74@example.org
182,Diane Franklin,50,Female,South,natalie27@example.com
183,Taylor Williams,65,Male,East,james19@example.org
184,Glenn Stone,60,Female,North,tapiamark@example.org
185,Joseph Castaneda,37,Male,South,bwilliams@example.com
186,Susan Cooper,43,Male,West,xchambers@example.org
187,Edwin Hammond,22,Other,North,frankgray@example.com
188,Dylan Russo,18,Male,West,angelafisher@example.com
189,Phillip Reynolds,65,Other,East,jonathanphillips@example.org
190,Kristi Perry,38,Male,East,stephensjoseph@example.org
191,Samuel Hall,27,Other,North,matthew65@example.org
192,James Ferrell,28,Female,South,jenniferwashington@example.org
193,Carolyn Sims,50,Other,South,lisa06@example.net
194,Corey Young,60,Other,East,nguyendenise@example.com
195,Wendy Coleman,43,Female,East,upowell@example.net
196,Sandra Johnson PhD,63,Male,North,burnettamy@example.com
197,Carrie Brooks DDS,46,Male,East,sonya65@example.net
198,Jared Goodwin,64,Female,East,christytravis@example.org
199,Kristine Calderon,57,Male,West,geraldperez@example.com
200,Samantha Logan,18,Other,West,robinlopez@example.net
201,Christopher Brown,63,Other,West,kristiehicks@example.com
202,Steve Brennan,60,Female,West,justin02@example.com
203,Jacqueline Higgins,43,Female,East,ltapia@example.net
204,Daniel Maxwell,46,Other,North,allensusan@example.com
205,Melanie Green,59,Male,West,gregory83@example.net
206,Jonathan Bond,36,Male,South,jeffrey11@example.com
207,Rachel Ramirez,58,Female,West,rtorres@example.net
208,Jamie Hayes,57,Other,East,johnwhite@example.com
209,Jennifer Wright MD,50,Female,South,dfarrell@example.com
210,Denise Schneider,57,Other,North,czamora@example.net
211,Joseph Grant,23,Other,South,gthompson@example.org
212,Robyn Wilson,56,Male,West,igarcia@example.com
213,Michael Cherry,56,Male,West,alexismay@example.org
214,Robert Rowe,58,Female,West,connie87@example.com
215,Douglas Moore,44,Male,South,sandragonzales@example.org
216,Glenda Wilson,61,Other,South,richardsonwilliam@example.org
217,Crystal Jones,23,Other,North,eric57@example.org
218,Lucas Miller III,61,Female,West,kayla83@example.com
219,Patricia Compton,55,Male,West,cindy50@example.net
220,Neil Johnson,43,Male,West,hobrien@example.net
221,Melissa Lopez,42,Other,East,rwu@example.com
222,Teresa Nguyen,42,Other,East,kdouglas@example.org
223,Morgan Ibarra,50,Male,South,matthewhopkins@example.net
224,Sally Young,23,Male,South,kathrynjohnson@example.net
225,Sheena Harper,25,Female,South,cindywest@example.net
226,Gerald Payne,60,Other,North,jenniferglass@example.net
227,Stephen Andrade,45,Female,North,crystal80@example.net
228,Maria Johnson,22,Male,North,serranomary@example.org
229,Cindy James,24,Female,West,makayla96@example.com
230,Jacqueline Reese,30,Male,North,suecarr@example.net
231,Richard Castillo,44,Other,West,michael73@example.org
232,Valerie Garza,58,Other,South,lramos@example.com
233,Melissa Williamson,35,Male,West,qstephenson@example.net
234,Vanessa Whitaker,46,Other,East,lawsonpatrick@example.org
235,David Newton,49,Other,North,nicoleherrera@example.com
236,Kimberly Taylor,50,Female,East,christinezhang@example.com
237,Benjamin Carter,44,Male,North,noblephillip@example.net
238,Zachary Alexander,51,Other,West,griffinaimee@example.org
239,William Kerr,46,Female,North,alexander29@example.com
240,Jennifer Mcbride,33,Male,West,becky42@example.net
241,Caitlin Cruz,40,Male,West,patricia65@example.org
242,Monica Smith,51,Other,West,hillshelley@example.com
243,Kimberly Mitchell,44,Male,South,josephrhodes@example.org
244,Lynn Johnson,29,Female,North,nsantana@example.com
245,Cristina Gates,52,Other,East,angelasmith@example.com
246,David Pearson,37,Male,North,adamsandrew@example.com
247,Heather Huff,21,Male,East,normafitzgerald@example.net
248,Megan Allen,55,Female,North,ejohnson@example.org
249,Leah Waters,48,Male,North,vjohnson@example.net
250,Randall Davis,57,Other,South,thomaswhite@example.org
251,Rebecca Patterson,48,Other,West,brandon28@example.com
252,Bradley Stanley,52,Other,West,samantha04@example.com
253,Nathan Cobb,60,Other,East,donaldbartlett@example.org
254,Kristy Brown,31,Male,South,williamsteresa@example.com
255,Benjamin Thomas,20,Female,East,jadeortega@example.net
256,Kaitlin Lin,37,Other,South,elizabethmiller@example.com
257,Alexa Garcia,21,Other,North,kevin30@example.org
258,Cindy Pierce,18,Other,South,pcastro@example.com
259,Michael Davis,25,Male,East,simonlisa@example.net
260,David Hendricks,64,Female,East,nataliedorsey@example.org
261,Heather Brock,30,Male,South,banksrobert@example.org
262,Timothy Koch,43,Male,East,duanejohnson@example.com
263,Miguel Ali,57,Other,West,nicolebrown@example.com
264,Michael Jackson,52,Male,North,tmiller@example.net
265,Veronica Mack,25,Female,South,ubradley@example.com
266,Hailey Marks,60,Other,West,michaellogan@example.org
267,Renee Lawrence,65,Female,South,williamshort@example.com
268,Steven Reynolds,59,Male,North,omoore@example.net
269,Gary Jones,18,Other,East,hfleming@example.net
270,Catherine Meyer,19,Female,East,bateskathleen@example.com
271,Amanda Marsh,24,Other,East,lindsay33@example.com
272,Wayne Hartman MD,25,Female,West,brownrobert@example.net
273,Mr. Christian Smith,24,Female,East,nguyentammy@example.net
274,Andrea Greer,38,Male,North,abigailwilliams@example.net
275,Nathan Foley,64,Male,South,william43@example.net
276,Adam Mora,36,Female,North,xorozco@example.com
277,James Barton,54,Other,East,jamesmitchell@example.net
278,Christopher Sosa,50,Other,West,garrett22@example.org
279,James Anderson,21,Male,South,davidbarrera@example.org
280,Lauren Mcpherson,25,Male,South,robertwatts@example.com
281,Mike Jackson,64,Female,South,wilsonkevin@example.org
282,Michael Le,54,Female,South,zvaughan@example.com
283,Jasmine Molina,19,Female,North,campbelllauren@example.net
284,Sarah Cox,55,Male,South,rojasgina@example.org
285,Stanley Phillips,34,Male,West,shawn88@example.net
286,Cheyenne Martinez,39,Other,North,nancy20@example.net
287,Evan Sutton,36,Other,North,rachel52@example.com
288,Dawn Stewart,60,Female,South,andersonmartin@example.com
289,Laura Hurst,46,Female,West,breannaflores@example.net
290,Kevin Robinson,58,Other,East,paul35@example.net
291,Victoria Fitzpatrick,59,Male,East,bethany80@example.com
292,Jonathan Ward,56,Male,West,sjones@example.org
293,Geoffrey Rivera,59,Male,North,wbanks@example.net
294,Brandy Zhang,29,Male,South,kelly94@example.net
295,Samuel Gonzalez MD,56,Male,West,vfranklin@example.org
296,Jennifer Foster,41,Other,West,egordon@example.com
297,Courtney Jarvis,59,Male,North,margaretlamb@example.net
298,Aaron Henry,63,Male,North,bryan83@example.org
299,Michael Chandler,18,Female,North,jenkinskelly@example.net
300,Martin Powell,45,Male,North,nobrien@example.com
301,Adriana Edwards,31,Female,South,murphydavid@example.net
302,Amber Williams,23,Female,East,velazquezsabrina@example.org
303,Robert Adams,35,Other,West,michael69@example.org
304,Jackie Hardy,32,Other,North,angela97@example.net
305,Robert Lutz,54,Other,West,chelseamurphy@example.org
306,Toni Sloan,54,Female,South,aprilweber@example.com
307,Scott Hayes,30,Female,West,andrew42@example.net
308,Crystal Nichols,32,Male,East,jessica37@example.com
309,Kristen Roach,57,Other,North,coreymanning@example.org
310,Bruce Adams,45,Female,East,victorsmith@example.org
311,Kathryn Price,35,Female,North,anthonymiles@example.org
312,Marc Cobb,19,Female,North,iclayton@example.com
313,Ariel Odom,41,Female,East,iwarren@example.org
314,Anthony Davis,61,Male,North,frederickwest@example.net
315,James Stevenson,39,Male,South,elizabeth17@example.net
316,Katherine Green,27,Female,South,iclay@example.net
317,Anna Burton,39,Male,East,deannawilliams@example.com
318,Sarah Howell,61,Female,West,amycarr@example.org
319,Deborah Lambert,23,Female,North,nelsonjack@example.com
320,Alexandra Lawrence,47,Female,East,brad64@example.com
321,Jordan Wells,53,Male,East,virginia49@example.org
322,Geoffrey Cline,48,Female,South,erika78@example.net
323,Charles Smith,19,Female,East,marksrobert@example.org
324,Lee Werner,48,Female,West,mejiaalicia@example.org
325,Dana Hess,22,Female,North,potterpaul@example.net
326,Richard Diaz,33,Female,South,pdunlap@example.org
327,Paula Vaughn,21,Male,South,melinda09@example.net
328,Tanya Green,38,Male,East,nswanson@example.com
329,Joseph Carter,47,Female,North,amanda86@example.com
330,Michael Wilson,54,Female,North,jonesdouglas@example.com
331,Wendy Nicholson,62,Other,South,reynoldsalexander@example.org
332,Richard Henderson DDS,49,Male,North,allengreene@example.org
333,Denise Bryant,41,Female,South,qsmith@example.com
334,Tanya James,59,Other,West,dmills@example.net
335,Michael Ellis PhD,57,Female,East,toddshepard@example.com
336,Judy Morrow,26,Other,West,stephanie75@example.com
337,Michael Chung,65,Male,North,teresa93@example.net
338,Hunter Nelson,57,Male,South,david58@example.net
339,Samuel Williams,45,Female,South,johnbrown@example.org
340,John Smith,36,Male,North,frederickjamie@example.com
341,Martha Hill,45,Male,West,thomasmichael@example.net
342,Lisa Wolfe,23,Male,South,frederickmichelle@example.net
343,Ryan Garner,49,Female,East,nicole61@example.net
344,Mrs. Leslie Harris,21,Male,North,pcardenas@example.com
345,Katherine Hammond,35,Male,North,james86@example.net
346,Dennis Carter,40,Other,North,byoung@example.net
347,Joanna Bullock,19,Male,South,amy40@example.net
348,Marissa Johnson,64,Male,West,angela57@example.com
349,Tyler Parker,24,Female,East,andrea56@example.org
350,Mrs. Stephanie Dixon,62,Female,North,mbranch@example.com
351,Stacey Serrano,56,Male,West,iparks@example.org
352,Anne Edwards,19,Male,South,ramirezchristina@example.net
353,Claudia Burns,47,Other,West,sandersjennifer@example.net
354,Jennifer Robertson,43,Other,South,lisa43@example.com
355,Lauren Pierce,41,Other,West,bleach@example.com
356,Tanner Hansen,43,Male,South,travis82@example.net
357,Chad Clark,45,Other,North,matthew33@example.net
358,Samantha Richardson,34,Female,North,john75@example.org
359,Matthew Miller,40,Female,East,vincenthansen@example.org
360,Julia Stephens,59,Male,North,wfreeman@example.com
361,Dr. Desiree Thomas MD,64,Other,North,jameshensley@example.com
362,Daniel Jones,44,Female,West,kelsey09@example.com
363,Teresa Stewart,59,Female,West,scott05@example.com
364,Donald Garcia,30,Female,North,jbrown@example.com
365,Deborah Acevedo,59,Female,North,iyoung@example.net
366,Jacob Thompson,18,Male,South,stephenmays@example.com
367,David Herring,52,Other,North,rbeck@example.net
368,John Donovan,36,Other,West,williamwelch@example.net
369,Alec Pearson,45,Male,South,hayesjohn@example.net
370,Richard Davis,35,Other,South,heatherlewis@example.net
371,Lisa Allen,34,Female,East,dowens@example.net
372,Nichole Williamson,26,Female,West,jeffrey54@example.org
373,Monica Zavala,58,Male,North,hbanks@example.net
374,Kelsey Dean,31,Other,West,ryan55@example.org
375,Angel Duncan,55,Male,East,fryesteve@example.net
376,Andrew Morris,60,Female,North,kaylahart@example.com
377,Eric Wheeler,57,Male,West,brianlopez@example.net
378,Laura King,18,Male,West,adean@example.com
379,Erik Villarreal,36,Female,North,patrick70@example.com
380,Juan King,44,Male,East,veronica80@example.org
381,Christine Hoover,49,Female,West,burnettchristina@example.com
382,Rebecca Daniels,22,Female,West,batesjamie@example.com
383,Jacob Davis,61,Other,South,jmorales@example.net
384,Christine Wolf,46,Male,North,jacksonsara@example.org
385,Jesse Parks,21,Female,North,manderson@example.net
386,Michelle Ward,37,Male,South,yreynolds@example.org
387,Terry Robertson,57,Male,East,deanzachary@example.com
388,Tiffany Figueroa,42,Female,North,halvarado@example.net
389,Gary Barnes,42,Male,West,hillrobin@example.net
390,Margaret Mejia,52,Female,South,rowemargaret@example.org
391,Paula Hill,31,Male,East,fshields@example.org
392,Timothy Moore,56,Male,North,william34@example.org
393,Mark Munoz,61,Other,East,jennifersherman@example.org
394,Cody Duran,56,Male,North,changrichard@example.net
395,Dawn Blackburn,54,Female,North,lwatson@example.org
396,Margaret Maddox,34,Other,East,audreymiller@example.org
397,John Jones,49,Female,West,tbradford@example.com
398,Stephen Vincent,57,Female,North,isaac89@example.org
399,Sarah Wilson,44,Female,North,kathleenskinner@example.net
400,Maria Swanson,24,Female,North,eestes@example.org
401,Lisa Sims,20,Other,North,kenneththomas@example.com
402,Kimberly Lutz,61,Female,West,dawn89@example.net
403,Anna Miller,57,Female,North,cingram@example.net
404,Michaela Parsons,20,Other,North,melinda43@example.com
405,Michael Drake,41,Female,West,amanda49@example.org
406,George Smith,57,Other,South,jacksonsheri@example.org
407,Teresa Grant,19,Male,East,andersonsamantha@example.net
408,John Friedman,34,Other,South,ronald48@example.net
409,Jacqueline Torres,32,Female,South,wcarey@example.com
410,April Thomas,64,Other,North,daniel59@example.net
411,Brian Jones,62,Male,North,mcclaintaylor@example.net
412,Jason Hill Jr.,55,Other,North,lorigarcia@example.com
413,Mrs. Adrienne Lawson MD,21,Male,West,acochran@example.org
414,Anthony Hogan,52,Male,North,robinsonluis@example.org
415,Sabrina Romero,20,Female,East,fosterernest@example.com
416,Shawn Raymond,25,Male,East,newtontheresa@example.com
417,James Thompson,43,Female,North,laurie96@example.org
418,Sarah Williams,32,Male,South,rachaelmejia@example.com
419,Christine King,59,Female,South,angelacombs@example.org
420,Matthew Lindsey,31,Female,North,twalters@example.net
421,Cody Moreno,61,Female,South,aaronvillegas@example.net
422,Scott Wilson,19,Female,West,cassandraruiz@example.net
423,John Burch,29,Male,South,katherinenichols@example.net
424,Christopher Myers,36,Male,South,paul06@example.net
425,Theresa Taylor,47,Female,South,kbennett@example.com
426,Eugene Hardy,61,Other,East,tthomas@example.com
427,Melissa Jones,19,Other,North,lisadean@example.org
428,Mrs. Elizabeth Goodwin,53,Male,West,taylorronald@example.net
429,Lori George,48,Male,North,bergashley@example.org
430,Rachael Morales,24,Female,South,bookerstephanie@example.net
431,Jessica Skinner,60,Female,East,petersvicki@example.org
432,Joshua Parker,59,Other,West,gfuller@example.com
433,Sierra Johnson,50,Other,South,garciaseth@example.com
434,Amber Wolf,44,Male,North,amanda86@example.net
435,Robert Sanford,39,Female,East,john35@example.net
436,Kimberly Mathis,22,Male,West,jstephens@example.org
437,Bruce Riley,22,Other,South,andreavasquez@example.org
438,Martin Harper,29,Female,North,lewisanthony@example.net
439,Julie Thompson,40,Female,West,kellyballard@example.com
440,Bruce Tyler,44,Other,North,kimberlyrios@example.org
441,Gary Rodriguez,65,Female,South,thompsonmichael@example.org
442,Jeanette Mejia,55,Female,North,dennis05@example.net
443,Robert Baker,51,Other,North,patricia51@example.net
444,Marcus Lee,29,Female,West,heather48@example.org
445,Elizabeth Miller,25,Male,West,william75@example.org
446,Megan Brown,37,Male,West,crystalholmes@example.org
447,Madison Holloway,18,Male,North,cynthiaberry@example.net
448,Natalie Acosta,62,Female,North,emma50@example.net
449,Roger Johnson,32,Other,North,liuscott@example.net
450,Nancy Perez,51,Female,West,katieroach@example.org
451,Amanda Mason,64,Other,East,kelly78@example.net
452,Dana Hanson,18,Male,South,schneidermaria@example.com
453,Jennifer White DDS,43,Female,South,williamsdavid@example.com
454,Melissa Robinson,51,Female,East,powerslindsey@example.net
455,Linda Martinez,55,Female,East,patrickpalmer@example.org
456,Melanie Branch,28,Female,North,rodgerstiffany@example.org
457,Brandon Adams,64,Male,East,huntjennifer@example.org
458,Joseph Martinez,30,Other,North,jeffrey79@example.com
459,Alexander Riley,36,Other,East,champton@example.com
460,Laura Sellers,51,Female,West,zroberts@example.net
461,Bonnie Parker,61,Female,West,mitchelljohn@example.com
462,Teresa Juarez,48,Other,West,qyoung@example.net
463,Thomas Arroyo,57,Male,South,austinjustin@example.com
464,Curtis Shaffer,47,Other,North,rmueller@example.com
465,Ivan Robinson,21,Male,South,prattelizabeth@example.net
466,Nicole White,37,Female,West,whitejack@example.net
467,James Martinez,57,Male,West,kelseycarney@example.org
468,Gary Spencer,34,Male,East,romeroisaac@example.net
469,Nicholas Brown,63,Female,East,janet91@example.net
470,Vicki Frazier,24,Male,West,linda32@example.net
471,Craig Guerra,50,Male,West,asmith@example.com
472,Derrick Hernandez,52,Female,North,josemiles@example.org
473,Brooke Cortez,63,Female,North,luis09@example.net
474,Tammy Wilson,43,Male,West,paulspencer@example.com
475,Paige Day,28,Male,North,nicholas67@example.com
476,Alexander Lester,21,Female,North,shepherdyvette@example.org
477,Jennifer Phillips,21,Male,North,pparrish@example.com
478,Dana Green,19,Female,West,oscarlewis@example.net
479,Lisa Soto,65,Female,North,bchandler@example.org
480,Frederick Parsons,53,Other,North,john55@example.org
481,Kyle Townsend,24,Other,East,holmesadam@example.org
482,Kelsey Matthews,20,Male,South,jenniferbrown@example.org
483,Kevin Macdonald,38,Female,North,roberthutchinson@example.com
484,Corey Morgan,51,Female,East,mmarsh@example.org
485,Anthony Madden,54,Male,South,randy21@example.com
486,Anthony James,26,Female,South,sgross@example.com
487,Michael Hernandez,60,Female,North,joshua46@example.com
488,Teresa Sanchez,54,Other,South,robertknight@example.net
489,Sharon Garcia,55,Other,East,justinball@example.net
490,Richard Archer,46,Male,South,stacy53@example.org
491,Jenna Meza,46,Other,South,iadams@example.org
492,Taylor Li,40,Other,West,danielsjessica@example.net
493,Cassandra Ellis,65,Female,West,smitheric@example.net
494,Ashley Fox,52,Male,East,qkemp@example.net
495,Gregory Morgan,30,Male,East,brett81@example.net
496,Jennifer Lawrence DDS,28,Female,North,amandapowers@example.org
497,Stacey Gonzalez,28,Female,South,karen01@example.net
498,Kenneth Miller,33,Other,South,derekpena@example.org
499,Mark Le,51,Other,West,wellsandrew@example.com
500,Derek Butler,44,Female,South,troy39@example.net
